{
  "hello": {
    "dimensions": 1536,
    "first_5": [
      0.016751619055867195,
      -0.055799614638090134,
      0.005647437181323767,
      0.06618502736091614,
      0.008984559215605259
    ],
    "last_5": [
      0.012681063264608383,
      0.006703581195324659,
      -0.011184859089553356,
      -0.01595951057970524,
      -0.017543727532029152
    ]
  },
  "world": {
    "dimensions": 1536,
    "first_5": [
      -0.010598360560834408,
      -0.035964105278253555,
      0.030194923281669617,
      0.11182454973459244,
      -0.029821792617440224
    ],
    "last_5": [
      0.03154393658041954,
      0.01529837865382433,
      0.011308745481073856,
      0.012284627184271812,
      -0.006859873421490192
    ]
  },
  "cat": {
    "dimensions": 1536,
    "first_5": [
      0.025523457676172256,
      -0.02345273084938526,
      -0.01607721857726574,
      0.039367083460092545,
      0.02103300392627716
    ],
    "last_5": [
      0.021719368174672127,
      0.007474394515156746,
      0.005069209728389978,
      -0.004155995789915323,
      0.018892476335167885
    ]
  }
}